module,artifact_name,current_path,artifact_type,version,data_snapshot,status,purpose,used_by,notes
data,final_product_level_data,out/recall_processed_integrated_v3.csv,csv,integrated_v3,"58,999 product rows",FINAL,Product-level audit and traceability,QA and preprocessing,"product_res_number unique 58,999; duplicate 0; missing 0"
data,final_event_level_data,out/event_features_integrated_v3.csv,csv,integrated_v3,"22,468 events; confirmed 16,025",FINAL,Primary modeling and dashboard Source of Truth,Classification Confidence Retrieval Dashboard,"res_event_number unique 22,468"
data,integrated_preprocessing_summary,out/preprocessing_integrated_summary_v3.md,markdown,integrated_v3,final_v3,FINAL,Preprocessing QA evidence,All modules,"Integrated QA PASS; mapping 43/43"
data,preprocessing_column_dictionary,out/preprocessing_column_dictionary_v3.csv,csv,integrated_v3,final_v3,FINAL,Column ownership and leakage policy,Feature governance,"Use model_role and leakage_risk"
data,integrated_preprocessing_notebook,FDA_의료기기_Recall_통합전처리_최종.ipynb,notebook,integrated_v3,final_v3,FINAL,Reproducible integrated preprocessing,Data pipeline,"Existing file retained"
classification,historical_synthetic_classifier,UNRESOLVED,joblib,CHECK_REQUIRED,"Historical Snapshot A; Train 13,944; Test about 1,050",CURRENT_CANDIDATE,Historical selected 7-class Root Cause candidate,Historical reporting,"role=HISTORICAL_SELECTED_CANDIDATE; experiment_evidence=AVAILABLE; runtime_artifact=UNAVAILABLE; reproducibility=UNRESOLVED; repository classifier not found"
classification,historical_synthetic_vectorizer,UNRESOLVED,joblib,CHECK_REQUIRED,"Historical Snapshot A; Train 13,944",CURRENT_CANDIDATE,Historical candidate text transformation,Historical reporting,"role=HISTORICAL_SELECTED_CANDIDATE; experiment_evidence=AVAILABLE; runtime_artifact=UNAVAILABLE; repository vectorizer not found"
classification,synthetic_human_factor_dataset,UNRESOLVED,csv_or_parquet,CHECK_REQUIRED,"Historical Snapshot A; Train 13,944",CHECK_REQUIRED,Synthetic Recall Reason augmentation,Historical selected candidate,"role=HISTORICAL_SELECTED_CANDIDATE; experiment_evidence=AVAILABLE; runtime_artifact=UNAVAILABLE; reproducibility=UNRESOLVED; do not substitute Day11 structured CTGAN artifacts"
classification,historical_synthetic_experiment_evidence,UNRESOLVED,report,report_evidence,"Historical Snapshot A; Train 13,944; Test about 1,050",VALIDATION_ONLY,"Evidence for Macro F1 0.4499; Human F1 0.0333 to 0.0741; Top-1/2/3 50.3/76.5/88.7",Historical reporting,"experiment_evidence=AVAILABLE; sources=260914 Root_Cause_모델_종합분석보고서 and 9개모델_비교실험; report repository paths not specified"
classification,current_executable_baseline_model,modeling/03_word_char_tfidf/artifacts/best_word_char_model.joblib,joblib,word_char_experiment,final_v3,CURRENT_CANDIDATE,Final-v3 reproducible reference model,Model comparison and integration fallback,"role=CURRENT_EXECUTABLE_BASELINE; runtime_ready=true; final_v3=true; Train/Valid/Test=13,645/1,338/1,042; Accuracy/Top-1=0.504798; Macro F1=0.449608; Top-2=0.769674; Top-3=0.899232; recalculation VERIFIED; not directly comparable with historical Synthetic candidate and not FINAL"
classification,current_executable_word_vectorizer,modeling/03_word_char_tfidf/artifacts/word_tfidf_vectorizer.joblib,joblib,word_char_experiment,final_v3,CURRENT_CANDIDATE,Word feature transform,current_executable_baseline_model,"role=CURRENT_EXECUTABLE_BASELINE; runtime_ready=true; final_v3=true; paired with char vectorizer and combined model"
classification,current_executable_char_vectorizer,modeling/03_word_char_tfidf/artifacts/char_tfidf_vectorizer.joblib,joblib,word_char_experiment,final_v3,CURRENT_CANDIDATE,Character feature transform,current_executable_baseline_model,"role=CURRENT_EXECUTABLE_BASELINE; runtime_ready=true; final_v3=true; not part of historical Synthetic Word-only candidate"
classification,word_char_experiment_config,modeling/03_word_char_tfidf/artifacts/experiment_config.json,json,word_char_experiment,final_v3,VALIDATION_ONLY,Model settings and final-v3 test provenance,Model governance,"Split 13,645/1,338/1,042"
classification,word_char_model_results,modeling/03_word_char_tfidf/artifacts/model_comparison_word_char.csv,csv,word_char_experiment,final_v3,VALIDATION_ONLY,Experiment comparison and test metrics,Reporting,"Word+Char Macro F1 0.449608; Top-2 0.769674"
classification,class_mapping,artifacts/classification/class_mapping.json,json,integration-draft-1,multiple_saved_models,FINAL,Probability-column class order,Classification Confidence Dashboard,"Four saved models have identical classes_ order"
classification,classification_config,artifacts/classification/classification_config.json,json,current-candidate-draft-1,mixed,CURRENT_CANDIDATE,System candidate and executable baseline role separation,Dashboard integration,"Historical experiment evidence AVAILABLE but runtime artifact UNAVAILABLE; final-v3 executable baseline AVAILABLE"
classification,pubmedbert_valid_predictions,out/day9_pubmedbert_ablation/predictions_valid.csv,csv,day9,final_v3,VALIDATION_ONLY,Stored validation probabilities and predictions,Day13 analyses,"Validation only; B0/B1/B2; Test not evaluated"
classification,pubmedbert_ablation_config,out/day9_pubmedbert_ablation/config.json,json,day9,final_v3,VALIDATION_ONLY,Ablation provenance,Experiment review,"Not production classifier config"
classification,final_v3_test_topk_predictions,out/day15_final_v3_topk_recalc/test_topk_predictions.csv,csv,day15,final_v3,VALIDATION_ONLY,"Row-level Test 1,042 Top-1/2/3 predictions",Classification verification,"Stored artifacts only; predict_proba; no retraining or tuning"
classification,final_v3_test_topk_summary,out/day15_final_v3_topk_recalc/topk_summary.json,json,day15,final_v3,VALIDATION_ONLY,Verified overall Test Top-k metrics,Source of Truth,"status=VERIFIED; Accuracy=0.504798; Macro F1=0.449608; Top-2=0.769674; Top-3=0.899232"
classification,final_v3_test_classwise_metrics,out/day15_final_v3_topk_recalc/classwise_metrics.csv,csv,day15,final_v3,VALIDATION_ONLY,Class-level precision recall F1 and Top-k recall,Classification verification,"7 classes; Human Factor Top-1/2/3 recall=0.074074/0.296296/0.444444"
classification,final_v3_topk_recalculation_report,out/day15_final_v3_topk_recalc/topk_recalculation_report.md,markdown,day15,final_v3,VALIDATION_ONLY,Recalculation provenance and sanity checks,Project reporting,"All sanity checks PASS; historical Synthetic results unchanged"
confidence,confidence_policy,artifacts/confidence/confidence_policy.json,json,final-v3-revalidation-1,final_v3,PROVISIONAL,Validated provisional HIGH MEDIUM LOW routing,Dashboard,"policy_status=PROVISIONAL_VALIDATED; top1 probability 0.6/0.3 unchanged; ordering PASS; not FINAL"
confidence,top1_probability_artifact,out/day15_final_v3_confidence_revalidation/confidence_predictions.csv,csv,day15,final_v3,VALIDATION_ONLY,Validation and Test top1-probability confidence rows,confidence_policy,"Validation 1,338 and Test 1,042; no missing probabilities; no tuning"
confidence,calibration_artifact,out/day15_final_v3_confidence_revalidation/calibration_summary.json,json,day15,final_v3,VALIDATION_ONLY,Calibration and policy revalidation summary,confidence_policy,"ECE=0.052235; top-label Brier=0.232429; multiclass Brier=0.628829; sanity PASS"
confidence,confidence_segment_summary,out/day15_final_v3_confidence_revalidation/confidence_segment_summary.csv,csv,day15,final_v3,VALIDATION_ONLY,Coverage accuracy and Top-3 by confidence level,confidence_policy,"Both Validation and Test have HIGH > MEDIUM > LOW accuracy"
confidence,reliability_bins,out/day15_final_v3_confidence_revalidation/reliability_bins.csv,csv,day15,final_v3,VALIDATION_ONLY,Test reliability table with 10 equal-width bins,Calibration review,"Empty bins retained; ECE excludes empty bins"
confidence,human_factor_confidence_summary,out/day15_final_v3_confidence_revalidation/human_factor_confidence_summary.csv,csv,day15,final_v3,VALIDATION_ONLY,Descriptive confidence results for Human Factor,QA review,"Test support=27; small sample; no strong generalization"
confidence,confidence_revalidation_report,out/day15_final_v3_confidence_revalidation/confidence_revalidation_report.md,markdown,day15,final_v3,VALIDATION_ONLY,Confidence policy and calibration report,Project reporting,"PROVISIONAL_VALIDATED; no retraining threshold tuning or calibration fitting"
confidence,day13_margin_summary,out/day13_direction_tests/test2_confidence/confidence_summary.json,json,day13,final_v3,VALIDATION_ONLY,Margin-based routing diagnostic,Research only,"Metric top1-top2 margin; distinct from operational top1 probability"
confidence,day13_margin_threshold_table,out/day13_direction_tests/test2_confidence/confidence_threshold_metrics.csv,csv,day13,final_v3,VALIDATION_ONLY,Exploratory margin threshold comparison,Research only,"0.2 was best observed tradeoff; not final policy"
confidence,day13_topk_summary,out/day13_direction_tests/test1_topk/topk_summary.json,json,day13,final_v3,VALIDATION_ONLY,Validation Top-k evidence,Classification design,"n=1,338; Top-1/2/3=49.18/72.27/87.29%; Test not used"
retrieval,minilm_embedding_metadata,modeling/01_sentence_embedding/artifacts/embedding_cache_metadata.json,json,MiniLM-cache,final_v3,FINAL,Embedding model and normalization provenance,Retrieval,"all-MiniLM-L6-v2; normalized"
retrieval,train_embeddings,modeling/01_sentence_embedding/artifacts/train_embeddings.npy,numpy_array,MiniLM-cache,"final_v3 Train 13,645",FINAL,Runtime historical corpus vectors,Retrieval,"Shape 13,645 x 384; Event IDs aligned"
retrieval,train_event_ids,modeling/01_sentence_embedding/artifacts/train_event_ids.npy,numpy_array,MiniLM-cache,"final_v3 Train 13,645",FINAL,Map embedding rows to Recall Events,Retrieval,"13,645 unique IDs; matches final Train exactly"
retrieval,train_labels,modeling/01_sentence_embedding/artifacts/train_labels.npy,numpy_array,MiniLM-cache,"final_v3 Train 13,645",FINAL,Validation metadata for historical cases,Retrieval diagnostics,"Do not present same-root-cause hit as classification accuracy"
retrieval,valid_embeddings,modeling/01_sentence_embedding/artifacts/valid_embeddings.npy,numpy_array,MiniLM-cache,"final_v3 Validation 1,338",VALIDATION_ONLY,Retrieval validation queries,Day13 Day14,"Shape 1,338 x 384; IDs aligned"
retrieval,valid_event_ids,modeling/01_sentence_embedding/artifacts/valid_event_ids.npy,numpy_array,MiniLM-cache,"final_v3 Validation 1,338",VALIDATION_ONLY,Validation query mapping,Day13 Day14,"Matches final Validation exactly"
retrieval,test_embeddings,modeling/01_sentence_embedding/artifacts/test_embeddings.npy,numpy_array,MiniLM-cache,"final_v3 Test 1,042",VALIDATION_ONLY,Reserved test vectors,Future final evaluation,"Do not use for tuning"
retrieval,retrieval_corpus_view,out/event_features_integrated_v3.csv,logical_view,integrated_v3,"final_v3 Train 13,645",FINAL,Historical Recall text and structured metadata,Retrieval,"Restrict with train_event_ids.npy; no standalone corpus file"
retrieval,retrieval_config,artifacts/retrieval/retrieval_config.json,json,day14-semantic-retrieval-1,final_v3,CURRENT_CANDIDATE,Runtime retrieval policy,Dashboard integration,"Top-3 default; max 5; no hard filter or reranking"
retrieval,low_confidence_queries,out/day14_retrieval_validation/low_confidence/low_confidence_queries.csv,csv,day14,final_v3,VALIDATION_ONLY,Selected low-margin validation queries,Retrieval validation,"18 queries; Day13 Q1 margin definition"
retrieval,low_confidence_retrieval_top5,out/day14_retrieval_validation/low_confidence/low_confidence_retrieval_top5.csv,csv,day14,final_v3,VALIDATION_ONLY,Top-5 retrieval validation results,Manual audit,"No new search for later design steps"
retrieval,low_confidence_retrieval_summary,out/day14_retrieval_validation/low_confidence/low_confidence_retrieval_summary.json,json,day14,final_v3,VALIDATION_ONLY,Leakage and sanity metrics,Retrieval review,"Top-3 same-RC hit 72.22%; future leakage 0; self-match 0"
retrieval,manual_review,out/day14_retrieval_validation/manual_audit/retrieval_manual_review_query_level.csv,csv,day14,final_v3,VALIDATION_ONLY,Human QA usefulness assessment,Retrieval validation,"manual_quality must never appear in production UI"
retrieval,pair_diagnostics,out/day14_retrieval_validation/manual_audit/retrieval_pair_diagnostics.csv,csv,day14,final_v3,VALIDATION_ONLY,Duplicate and structured-match diagnostics,Retrieval validation,"same firm/product/specialty/root-cause diagnostics"
retrieval,reranking_decision,out/day14_retrieval_validation/manual_analysis/reranking_decision.json,json,day14,final_v3,VALIDATION_ONLY,Decision evidence for no current reranking,System design,"RERANKING_POSSIBLE_BUT_NOT_YET_JUSTIFIED"
retrieval,evidence_design,out/day14_retrieval_validation/evidence_design/retrieval_evidence_design.json,json,day14,final_v3,CURRENT_CANDIDATE,QA evidence card policy,Dashboard,"Similarity is a reference score not usefulness score"
retrieval,retrieval_module_spec,out/system_integration/retrieval_module/retrieval_module_spec.json,json,draft-1,final_v3,CURRENT_CANDIDATE,Retrieval input output and workflow contract,Dashboard,"Integration schema only; Human QA final"
dashboard,retrieval_dashboard_flat_example,out/system_integration/retrieval_module/retrieval_dashboard_flat_example.csv,csv,draft-1,final_v3,VALIDATION_ONLY,Flat table example for UI integration,Dashboard demo,"35 rows for 7 validation queries"
dashboard,retrieval_input_schema,out/system_integration/retrieval_module/retrieval_input_schema.csv,csv,draft-1,not_applicable,CURRENT_CANDIDATE,Retrieval request contract,Dashboard backend,"Threshold values intentionally not hardcoded"
dashboard,retrieval_output_schema,out/system_integration/retrieval_module/retrieval_output_schema.csv,csv,draft-1,not_applicable,CURRENT_CANDIDATE,Retrieval response contract,Dashboard frontend,"manual_quality is development-only"
dashboard,system_config,artifacts/system_config.json,json,integration-draft-1,mixed,PROVISIONAL,Top-level module wiring draft,Future Streamlit,"Module statuses are explicit"
dashboard,streamlit_application,UNRESOLVED,python_app,CHECK_REQUIRED,not_applicable,CHECK_REQUIRED,Production QA interface,End users,"No Streamlit file found in repository"
